seed,sample,ranking_score
2530573219,0,0.9314538448576264
2530573219,1,0.9336969292376551
2530573219,2,0.9331949198277545
2530573219,3,0.9266032624698041
2530573219,4,0.9342271925742549
